idx,outcome
0,incorrect
1,correct
2,incorrect
3,correct
4,incorrect
5,correct
6,correct
7,correct
8,incorrect
9,incorrect
10,correct
11,correct
12,incorrect
13,correct
14,correct
15,incorrect
16,incorrect
17,correct
18,incorrect
19,incorrect
20,incorrect
21,correct
22,incorrect
23,correct
24,incorrect
25,incorrect
26,correct
27,incorrect
28,correct
29,incorrect
30,incorrect
31,incorrect
32,incorrect
33,incorrect
34,correct
35,incorrect
36,incorrect
37,correct
38,incorrect
39,incorrect
40,incorrect
41,incorrect
42,correct
43,correct
44,incorrect
45,correct
46,incorrect
47,incorrect
48,incorrect
49,incorrect
50,incorrect
51,incorrect
52,incorrect
53,incorrect
54,incorrect
55,incorrect
56,incorrect
57,incorrect
58,incorrect
59,incorrect
60,incorrect
61,incorrect
62,incorrect
63,correct
64,correct
65,incorrect
66,incorrect
67,incorrect
68,correct
69,incorrect
70,incorrect
71,incorrect
72,correct
73,incorrect
74,incorrect
75,correct
76,incorrect
77,correct
78,incorrect
79,incorrect
80,incorrect
81,correct
82,correct
83,incorrect
84,incorrect
85,incorrect
86,correct
87,correct
88,incorrect
89,incorrect
90,correct
91,incorrect
92,incorrect
93,incorrect
94,correct
95,incorrect
96,incorrect
97,incorrect
98,correct
99,incorrect
100,incorrect
101,correct
102,correct
103,incorrect
104,incorrect
105,incorrect
106,correct
107,incorrect
108,correct
109,incorrect
110,incorrect
111,incorrect
112,incorrect
113,incorrect
114,incorrect
115,incorrect
116,correct
117,incorrect
118,incorrect
119,incorrect
120,correct
121,correct
122,correct
123,incorrect
124,incorrect
125,correct
126,correct
127,incorrect
128,incorrect
129,incorrect
130,incorrect
131,incorrect
132,correct
133,incorrect
134,incorrect
135,incorrect
136,incorrect
137,incorrect
138,correct
139,incorrect
140,incorrect
141,incorrect
142,incorrect
143,incorrect
144,incorrect
145,incorrect
146,incorrect
147,correct
148,incorrect
149,correct
150,incorrect
151,correct
152,incorrect
153,correct
154,incorrect
155,incorrect
156,incorrect
157,incorrect
158,incorrect
159,correct
160,incorrect
161,incorrect
162,correct
163,incorrect
164,correct
165,incorrect
166,incorrect
167,incorrect
168,correct
169,incorrect
170,incorrect
171,correct
172,incorrect
173,incorrect
174,incorrect
175,correct
176,incorrect
177,correct
178,incorrect
179,incorrect
180,correct
181,incorrect
182,incorrect
183,incorrect
184,incorrect
185,incorrect
186,incorrect
187,incorrect
188,correct
189,incorrect
190,incorrect
191,correct
192,correct
193,correct
194,incorrect
195,incorrect
196,incorrect
197,correct
198,correct
199,incorrect
200,correct
201,correct
202,correct
203,incorrect
204,incorrect
205,correct
206,correct
207,incorrect
208,correct
209,incorrect
210,incorrect
211,incorrect
212,incorrect
213,incorrect
214,incorrect
215,incorrect
216,incorrect
217,incorrect
218,correct
219,correct
220,incorrect
221,incorrect
222,correct
223,incorrect
224,correct
225,incorrect
226,correct
227,correct
228,correct
229,incorrect
230,correct
231,incorrect
232,incorrect
233,incorrect
234,correct
235,correct
236,incorrect
237,correct
238,correct
239,incorrect
240,incorrect
241,correct
242,incorrect
243,incorrect
244,correct
245,incorrect
246,incorrect
247,correct
248,correct
249,correct
250,incorrect
251,incorrect
252,incorrect
253,correct
254,incorrect
255,correct
256,incorrect
257,correct
258,incorrect
259,incorrect
260,correct
261,incorrect
262,incorrect
263,correct
264,incorrect
265,incorrect
266,incorrect
267,correct
268,correct
269,incorrect
270,incorrect
271,correct
272,correct
273,correct
274,incorrect
275,incorrect
276,correct
277,incorrect
278,incorrect
279,correct
280,incorrect
281,correct
282,incorrect
283,incorrect
284,correct
285,incorrect
286,incorrect
287,incorrect
288,correct
289,incorrect
290,incorrect
291,incorrect
292,incorrect
293,incorrect
294,incorrect
295,incorrect
296,incorrect
297,incorrect
298,incorrect
299,incorrect
300,correct
301,incorrect
302,correct
303,incorrect
304,correct
305,incorrect
306,correct
307,correct
308,correct
309,incorrect
310,correct
311,incorrect
312,incorrect
313,incorrect
314,incorrect
315,incorrect
316,incorrect
317,incorrect
318,correct
319,correct
320,correct
321,correct
322,incorrect
323,incorrect
324,incorrect
325,incorrect
326,incorrect
327,correct
328,incorrect
329,incorrect
330,correct
331,correct
332,incorrect
333,correct
334,incorrect
335,correct
336,incorrect
337,incorrect
338,correct
339,correct
340,incorrect
341,incorrect
342,incorrect
343,correct
344,correct
345,incorrect
346,incorrect
347,incorrect
348,correct
349,incorrect
350,incorrect
351,correct
352,incorrect
353,incorrect
354,correct
355,incorrect
356,incorrect
357,correct
358,incorrect
359,correct
360,incorrect
361,incorrect
362,incorrect
363,incorrect
364,correct
365,incorrect
366,incorrect
367,incorrect
368,incorrect
369,incorrect
370,incorrect
371,incorrect
372,incorrect
373,incorrect
374,correct
375,correct
376,incorrect
377,incorrect
378,incorrect
379,correct
380,correct
381,correct
382,incorrect
383,incorrect
384,incorrect
385,incorrect
386,incorrect
387,incorrect
388,correct
389,incorrect
390,incorrect
391,correct
392,incorrect
393,incorrect
394,incorrect
395,correct
396,correct
397,correct
398,incorrect
399,correct
400,incorrect
401,incorrect
402,incorrect
403,correct
404,incorrect
405,correct
406,incorrect
407,incorrect
408,correct
409,incorrect
410,incorrect
411,incorrect
412,incorrect
413,incorrect
414,correct
415,correct
416,incorrect
417,incorrect
418,correct
419,incorrect
420,incorrect
421,correct
422,correct
423,incorrect
424,incorrect
425,incorrect
426,correct
427,correct
428,correct
429,incorrect
430,incorrect
431,correct
432,incorrect
433,incorrect
434,incorrect
435,correct
436,incorrect
437,correct
438,incorrect
439,incorrect
440,incorrect
441,incorrect
442,correct
443,incorrect
444,incorrect
445,correct
446,incorrect
447,incorrect
448,correct
449,incorrect
450,incorrect
451,incorrect
452,incorrect
453,correct
454,incorrect
455,incorrect
456,incorrect
457,correct
458,correct
459,correct
460,incorrect
461,incorrect
462,correct
463,incorrect
464,correct
465,incorrect
466,incorrect
467,incorrect
468,correct
469,incorrect
470,incorrect
471,incorrect
472,correct
473,correct
474,correct
475,correct
476,correct
477,incorrect
478,incorrect
479,incorrect
480,incorrect
481,incorrect
482,incorrect
483,correct
484,correct
485,incorrect
486,incorrect
487,incorrect
488,incorrect
489,incorrect
490,incorrect
491,incorrect
492,incorrect
493,incorrect
494,incorrect
495,incorrect
496,correct
497,incorrect
498,incorrect
499,incorrect
500,correct
501,correct
502,incorrect
503,correct
504,correct
505,incorrect
506,correct
507,incorrect
508,incorrect
509,incorrect
510,correct
511,incorrect
512,incorrect
513,correct
514,correct
515,correct
516,correct
517,correct
518,correct
519,correct
520,incorrect
521,correct
522,correct
523,incorrect
524,incorrect
525,incorrect
526,incorrect
527,incorrect
528,correct
529,incorrect
530,incorrect
531,incorrect
532,correct
533,correct
534,incorrect
535,incorrect
536,incorrect
537,correct
538,incorrect
539,incorrect
540,correct
541,incorrect
542,incorrect
543,correct
544,correct
545,incorrect
546,correct
547,correct
548,incorrect
549,incorrect
550,correct
551,correct
552,incorrect
553,correct
554,incorrect
555,incorrect
556,incorrect
557,incorrect
558,correct
559,correct
560,incorrect
561,incorrect
562,correct
563,correct
564,incorrect
565,incorrect
566,incorrect
567,correct
568,correct
569,correct
570,correct
571,correct
572,incorrect
573,incorrect
574,incorrect
575,incorrect
576,incorrect
577,correct
578,correct
579,correct
580,incorrect
581,correct
582,correct
583,incorrect
584,correct
585,incorrect
586,incorrect
587,incorrect
588,correct
589,correct
590,incorrect
591,incorrect
592,correct
593,incorrect
594,incorrect
595,correct
596,incorrect
597,correct
598,incorrect
599,incorrect
600,incorrect
601,incorrect
602,correct
603,incorrect
604,incorrect
605,incorrect
606,correct
607,incorrect
608,incorrect
609,incorrect
610,correct
611,incorrect
612,incorrect
613,incorrect
614,incorrect
615,incorrect
616,incorrect
617,incorrect
618,correct
619,incorrect
620,correct
621,correct
622,incorrect
623,incorrect
624,incorrect
625,correct
626,correct
627,incorrect
628,incorrect
629,incorrect
630,correct
631,incorrect
632,correct
633,incorrect
634,incorrect
635,incorrect
636,correct
637,correct
638,correct
639,incorrect
640,incorrect
641,correct
642,correct
643,incorrect
644,correct
645,correct
646,correct
647,incorrect
648,incorrect
649,incorrect
650,incorrect
651,incorrect
652,incorrect
653,incorrect
654,incorrect
655,correct
656,incorrect
657,correct
658,correct
659,correct
660,correct
661,incorrect
662,incorrect
663,incorrect
664,incorrect
665,correct
666,correct
667,correct
668,correct
669,incorrect
670,incorrect
671,incorrect
672,correct
673,correct
674,incorrect
675,incorrect
676,correct
677,incorrect
678,incorrect
679,incorrect
680,incorrect
681,incorrect
682,correct
683,incorrect
684,incorrect
685,incorrect
686,correct
687,incorrect
688,correct
689,correct
690,incorrect
691,incorrect
692,incorrect
693,incorrect
694,correct
695,incorrect
696,incorrect
697,incorrect
698,incorrect
699,incorrect
700,incorrect
701,incorrect
702,incorrect
703,correct
704,correct
705,incorrect
706,incorrect
707,incorrect
708,incorrect
709,correct
710,correct
711,correct
712,incorrect
713,correct
714,incorrect
715,correct
716,correct
717,incorrect
718,correct
719,incorrect
720,correct
721,incorrect
722,incorrect
723,correct
724,incorrect
725,incorrect
726,correct
727,correct
728,correct
729,incorrect
730,incorrect
731,correct
732,correct
733,incorrect
734,incorrect
735,incorrect
736,correct
737,incorrect
738,correct
739,correct
740,correct
741,correct
742,correct
743,incorrect
744,incorrect
745,incorrect
746,incorrect
747,correct
748,correct
749,incorrect
750,correct
751,correct
752,correct
753,correct
754,correct
755,correct
756,incorrect
757,incorrect
758,correct
759,incorrect
760,incorrect
761,incorrect
762,incorrect
763,correct
764,incorrect
765,correct
766,incorrect
767,incorrect
768,correct
769,incorrect
770,incorrect
771,correct
772,incorrect
773,incorrect
774,incorrect
775,incorrect
776,incorrect
777,incorrect
778,correct
779,incorrect
780,incorrect
781,correct
782,incorrect
783,incorrect
784,correct
785,incorrect
786,correct
787,incorrect
788,incorrect
789,incorrect
790,correct
791,incorrect
792,incorrect
793,incorrect
794,incorrect
795,correct
796,correct
797,incorrect
798,correct
799,incorrect
800,correct
801,correct
802,correct
803,correct
804,correct
805,incorrect
806,incorrect
807,incorrect
808,incorrect
809,incorrect
810,incorrect
811,incorrect
812,incorrect
813,incorrect
814,correct
815,correct
816,correct
817,incorrect
818,incorrect
819,incorrect
820,incorrect
821,incorrect
822,incorrect
823,correct
824,correct
825,incorrect
826,correct
827,correct
828,incorrect
829,incorrect
830,correct
831,correct
832,incorrect
833,correct
834,correct
835,correct
836,incorrect
837,incorrect
838,correct
839,correct
840,incorrect
841,incorrect
842,incorrect
843,incorrect
844,incorrect
845,incorrect
846,correct
847,incorrect
848,incorrect
849,correct
850,correct
851,incorrect
852,incorrect
853,correct
854,correct
855,incorrect
856,incorrect
857,correct
858,correct
859,correct
860,incorrect
861,correct
862,correct
863,incorrect
864,incorrect
865,incorrect
866,incorrect
867,incorrect
868,correct
869,incorrect
870,correct
871,correct
872,correct
873,incorrect
874,correct
875,incorrect
876,incorrect
877,incorrect
878,correct
879,correct
880,correct
881,incorrect
882,incorrect
883,incorrect
884,correct
885,incorrect
886,correct
887,incorrect
888,correct
889,incorrect
890,incorrect
891,incorrect
892,correct
893,incorrect
894,incorrect
895,correct
896,incorrect
897,correct
898,incorrect
899,incorrect
900,correct
901,correct
902,incorrect
903,incorrect
904,incorrect
905,incorrect
906,incorrect
907,incorrect
908,incorrect
909,correct
910,incorrect
911,incorrect
912,incorrect
913,incorrect
914,correct
915,incorrect
916,incorrect
917,incorrect
918,incorrect
919,incorrect
920,incorrect
921,correct
922,incorrect
923,correct
924,incorrect
925,incorrect
926,incorrect
927,incorrect
928,correct
929,incorrect
930,incorrect
931,incorrect
932,incorrect
933,incorrect
934,correct
935,incorrect
936,incorrect
937,incorrect
938,incorrect
939,correct
940,incorrect
941,correct
942,incorrect
943,incorrect
944,incorrect
945,incorrect
946,correct
947,incorrect
948,incorrect
949,incorrect
950,correct
951,correct
952,incorrect
953,incorrect
954,correct
955,correct
956,correct
957,incorrect
958,incorrect
959,incorrect
960,correct
961,incorrect
962,correct
963,correct
964,incorrect
965,incorrect
966,correct
967,incorrect
968,incorrect
969,incorrect
970,correct
971,correct
972,incorrect
973,incorrect
974,correct
975,correct
976,incorrect
977,incorrect
978,incorrect
979,incorrect
980,incorrect
981,correct
982,incorrect
983,correct
984,incorrect
985,incorrect
986,correct
987,incorrect
988,incorrect
989,incorrect
990,incorrect
991,incorrect
992,correct
993,correct
994,incorrect
995,incorrect
996,incorrect
997,correct
998,incorrect
999,incorrect
1000,incorrect
1001,incorrect
1002,incorrect
1003,incorrect
1004,incorrect
1005,incorrect
1006,incorrect
1007,correct
1008,incorrect
1009,incorrect
1010,correct
1011,incorrect
1012,incorrect
1013,correct
1014,incorrect
1015,correct
1016,incorrect
1017,incorrect
1018,correct
1019,incorrect
1020,incorrect
1021,correct
1022,incorrect
1023,correct
1024,correct
1025,incorrect
1026,correct
1027,incorrect
1028,incorrect
1029,incorrect
1030,incorrect
1031,correct
1032,incorrect
1033,incorrect
1034,incorrect
1035,incorrect
1036,incorrect
1037,incorrect
1038,incorrect
1039,incorrect
1040,correct
1041,incorrect
1042,incorrect
1043,incorrect
1044,incorrect
1045,incorrect
1046,correct
1047,correct
1048,incorrect
1049,incorrect
1050,incorrect
1051,correct
1052,incorrect
1053,incorrect
1054,correct
1055,incorrect
1056,incorrect
1057,correct
